fold,method,male,mape_percent,p95_ape_percent,rmse
0,prior_anchor,0.07499516885682413,7.432508596019032,23.339100966786,0.0025089673932637336
0,online_fit,0.07242356183884908,7.18894620405603,23.289535600324434,0.0024136800872557535
0,online_mirror,0.07244859974492557,7.191025874135653,23.289535600324434,0.0024124920559682457
0,geometry_control,0.07242161212003491,7.188619851295893,23.289535600324434,0.002413699096334164
1,prior_anchor,0.07657700654076567,7.654264500761387,23.72010913090611,0.002412989284999983
1,online_fit,0.0736704275229744,7.367437412874006,23.768860684754774,0.0023123261325121943
1,online_mirror,0.07369413479737119,7.369342118187282,23.774964768910163,0.002312850049826879
1,geometry_control,0.07367032036819532,7.367298031054499,23.768860684754774,0.0023123733210697094
2,prior_anchor,0.07614799916190648,7.657662654183974,24.25588536304014,0.0026622527822340483
2,online_fit,0.07417584332967295,7.496606408990597,24.323301925030297,0.0025981238724548197
2,online_mirror,0.07370789964281961,7.440955939712994,24.098327429041426,0.0025737823570335023
2,geometry_control,0.0735667517371492,7.4302548474060535,24.09872058826499,0.0025876264828369076
3,prior_anchor,0.07514738157821621,7.602553342672557,23.301885667199763,0.002619453072858349
3,online_fit,0.0712886991539321,7.211152333242543,22.76957531649777,0.002497834735599748
3,online_mirror,0.07131228373455104,7.213588918689807,22.76957531649777,0.0024967595141308922
3,geometry_control,0.07129465428854559,7.211699521054069,22.76957531649777,0.0024979749802913624
4,prior_anchor,0.07408174389763528,7.37773142004036,22.919810805829954,0.002638203014935077
4,online_fit,0.07121083440001977,7.095698770487418,22.759866039180245,0.002545675877022306
4,online_mirror,0.07122766234651279,7.097086295811709,22.748968798833374,0.0025450576853443
4,geometry_control,0.0712111981482328,7.095631119424006,22.759866039180245,0.002545767342342372
