file,prior_anchor_mape_percent,online_fit_mape_percent,online_mirror_mape_percent,geometry_control_mape_percent
00000_A_young_woman_in_a_white_dress_walks_slowly_throug_lazy_data.pt,7.814278984603424,7.461069776770287,7.447449356795685,7.462635562315086
00001_A_man_in_a_dark_coat_stands_on_a_rainy_city_street_lazy_data.pt,4.7449545821253825,5.115006993515608,5.093752251030483,5.086375580384164
00002_A_little_girl_runs_through_a_flower_garden_filled__lazy_data.pt,5.734880336110677,5.602922754099035,5.588400773430918,5.601894357839421
"00003_A_golden_retriever_runs_along_a_beach_at_sunrise,__lazy_data.pt",5.015889123688816,4.254983170549945,4.271546811713497,4.2586528121128095
00004_A_black_cat_sits_on_a_windowsill_during_a_rainy_af_lazy_data.pt,7.572504828135242,8.456496966354313,8.227050128301688,8.30790002088698
00005_A_panda_lazily_eats_bamboo_in_a_misty_mountain_for_lazy_data.pt,7.411123460905117,7.08935698297061,7.072631533880427,7.089569182831634
"00006_A_red_fox_walks_carefully_through_a_snowy_forest,__lazy_data.pt",14.04302463268506,13.62388530579895,13.57359843608656,13.617750285059907
00007_A_deer_drinks_water_from_a_clear_forest_stream_in__lazy_data.pt,5.535438676406405,5.811606107076575,5.805501543804592,5.808287660964924
"00008_A_bald_eagle_flies_above_dramatic_mountain_cliffs,_lazy_data.pt",6.216564421295612,6.340762468931767,6.318790044249231,6.337151501141514
00009_A_group_of_horses_gallops_across_a_vast_grassland__lazy_data.pt,10.435845097659296,10.181681925637404,10.211595753627002,10.181550472917827
00010_A_dolphin_leaps_out_of_the_ocean_near_a_boat_at_su_lazy_data.pt,5.253872316072505,4.400663648729871,4.417379440435606,4.404834314790499
00011_A_whale_swims_gracefully_beneath_clear_blue_water__lazy_data.pt,12.430221010254616,12.431418447600873,12.447031367437386,12.426601275244405
00012_A_school_of_colorful_tropical_fish_moves_through_a_lazy_data.pt,11.40854548957618,11.526893790996695,11.512925203441943,11.525263601145049
00013_A_sea_turtle_glides_slowly_through_crystal-clear_t_lazy_data.pt,11.733845090034672,10.295844169114188,10.31158199746204,10.29964549055003
00014_A_butterfly_lands_on_a_blooming_sunflower_in_a_sum_lazy_data.pt,7.506604209401524,8.129403480433792,8.11434491174531,8.122756844290768
"00015_A_hummingbird_hovers_near_bright_red_flowers,_wing_lazy_data.pt",5.648488248437906,5.672881953799287,5.661238647063566,5.670446162969292
"00016_A_busy_street_market_in_an_old_town,_people_walkin_lazy_data.pt",6.378754937438368,5.42796623429561,5.446372360411321,5.43206602626063
"00017_A_chef_prepares_fresh_noodles_in_an_open_kitchen,__lazy_data.pt",5.918508219258705,6.053895880728414,6.05109714764719,6.052170842915691
00018_A_barista_pours_latte_art_into_a_cup_of_coffee_in__lazy_data.pt,5.113921115207678,4.528179092962152,4.527087296548481,4.530846361094626
"00019_A_baker_places_trays_of_bread_into_a_large_oven,_w_lazy_data.pt",5.4255916514162905,5.728250828759454,5.679452848113886,5.674821009954838
00020_A_young_artist_paints_on_a_large_canvas_in_a_sunli_lazy_data.pt,6.630698032358384,6.620766491750812,6.630259244898053,6.61966963871644
"00021_A_pianist_performs_alone_in_a_grand_concert_hall,__lazy_data.pt",7.943742399880807,8.082328641003048,8.082027330248039,8.080382535447832
00022_A_violinist_plays_passionately_on_a_rooftop_at_sun_lazy_data.pt,3.8166586085913363,3.760715953670399,3.75777198583968,3.760814073853172
"00023_A_jazz_band_performs_in_a_dimly_lit_bar,_warm_ambe_lazy_data.pt",7.1236391176942595,8.080156254490687,8.061334405874641,8.069018252149823
00024_A_ballerina_practices_in_a_large_rehearsal_room_wi_lazy_data.pt,9.183195674421487,9.876811642385439,9.856259096378338,9.784136001647012
00025_A_street_dancer_performs_energetic_hip-hop_moves_i_lazy_data.pt,9.647282822395152,8.94111215020313,8.96522362283476,8.944743170297892
00026_A_martial_artist_practices_sword_movements_in_a_ba_lazy_data.pt,8.118449576623986,8.096907478622068,8.090659093237312,8.096682126079646
"00027_A_boxer_trains_in_a_gritty_gym,_punching_a_heavy_b_lazy_data.pt",8.254502001084967,7.941300585003836,7.945963092952765,7.943839404783382
00028_A_skateboarder_performs_tricks_in_a_sunlit_skate_p_lazy_data.pt,6.054926817572,5.986029574755206,5.906794048841271,5.92011284928181
"00029_A_snowboarder_rides_down_a_snowy_mountain_slope,_p_lazy_data.pt",8.251844769436714,8.364768239772985,8.36655850616122,8.36297005196878
"00030_A_surfer_catches_a_large_wave_in_the_ocean,_water__lazy_data.pt",4.712189081499135,3.826234022475957,3.844689212966431,3.832033947361223
00031_A_cyclist_rides_along_a_winding_mountain_road_at_s_lazy_data.pt,7.770572626134979,5.838022385209299,6.160084296091739,5.905854795737972
"00032_A_hiker_walks_on_a_narrow_ridge_above_the_clouds,__lazy_data.pt",7.57419351605686,7.918886093374043,7.578296289571812,7.765275621564423
00033_A_couple_walks_hand_in_hand_through_an_autumn_park_lazy_data.pt,8.960856933012145,8.999329374522222,8.96769494168727,8.99683859627029
"00034_An_elderly_man_reads_a_book_in_a_quiet_library,_wa_lazy_data.pt",9.064751990505664,9.518275015154094,9.606619731077723,9.427823649834947
00035_A_young_woman_writes_in_a_notebook_beside_a_window_lazy_data.pt,5.943292184554053,5.752047596291372,5.76229096159973,5.752694546314615
"00036_A_child_builds_a_sandcastle_on_the_beach,_bright_d_lazy_data.pt",4.753765987798277,4.738066399302039,4.735029176090514,4.736202320002205
"00037_A_family_gathers_around_a_dinner_table,_warm_indoo_lazy_data.pt",5.831604626906809,5.205333003611335,5.214633901911004,5.208054987111126
00038_A_grandmother_teaches_a_child_how_to_make_dumpling_lazy_data.pt,7.410764513346312,7.108233426537451,7.123407458825821,7.109704378607865
"00039_A_student_studies_late_at_night_in_a_dorm_room,_de_lazy_data.pt",7.0142284204457255,7.112996001956866,7.117691357738244,7.111612939105948
00040_A_scientist_works_in_a_high-tech_laboratory_filled_lazy_data.pt,9.009007173743038,7.800787134664418,7.830529169624792,7.806445950936025
00041_A_surgeon_carefully_operates_in_a_modern_operating_lazy_data.pt,7.112011661086851,7.064176671425693,7.049919715714882,7.061645122318266
00042_A_firefighter_walks_through_smoke_and_sparks_insid_lazy_data.pt,5.001850078754694,4.517867744615746,4.51448646660043,4.518786464137565
00043_A_construction_worker_operates_heavy_machinery_at__lazy_data.pt,7.5217939453288665,6.086498830605494,6.101447486408331,6.094304336016868
"00044_A_mechanic_repairs_a_motorcycle_in_a_garage,_tools_lazy_data.pt",6.943175768876247,5.652393285082384,5.684393310962587,5.659836954589835
00045_A_fisherman_casts_a_net_from_a_wooden_boat_on_a_ca_lazy_data.pt,6.9215295071233,6.6401433412327515,6.640905372752669,6.640973440620574
"00046_A_farmer_harvests_rice_in_a_rural_field,_golden_cr_lazy_data.pt",6.581113595082791,6.683895666569567,6.650731320577401,6.679613840403226
00047_A_shepherd_leads_a_flock_of_sheep_across_rolling_g_lazy_data.pt,9.00631258410795,9.084337601859016,9.06477321865456,9.080892596854193
"00048_A_train_moves_through_a_snowy_mountain_pass,_smoke_lazy_data.pt",5.0788393145281665,5.172895171607182,5.162832210371613,5.17072725793544
00049_A_subway_train_arrives_at_a_crowded_underground_st_lazy_data.pt,8.108491093273908,7.116589173921768,7.154809515732416,7.1213927095249945
00050_A_yellow_taxi_drives_through_Times_Square_at_night_lazy_data.pt,5.784132680834678,4.909258487083952,4.93645216602732,4.913990307069896
00051_A_red_double-decker_bus_moves_through_rainy_London_lazy_data.pt,3.794012367226044,3.593997665830346,3.5913294703288354,3.5759898568265287
00052_A_gondola_glides_through_a_quiet_canal_in_Venice_a_lazy_data.pt,6.244902371448591,6.516199179890658,6.458394654684335,6.4745870207801
"00053_A_hot_air_balloon_drifts_over_a_valley_at_sunrise,_lazy_data.pt",9.069970009692984,9.063598855619384,9.064854214940715,9.059072107389031
00054_A_small_sailboat_moves_across_a_calm_sea_under_a_b_lazy_data.pt,13.15009516987645,12.67245458484901,12.724816765563082,12.505816318178791
00055_A_helicopter_flies_over_a_dense_modern_city_skylin_lazy_data.pt,4.939383046300146,4.847575896163379,4.840008653025066,4.847318705302786
00056_A_drone_flies_through_a_futuristic_megacity_filled_lazy_data.pt,6.674901162431157,5.854267237680607,5.858378517181847,5.858005310016382
"00057_A_humanoid_robot_walks_through_a_modern_office,_cl_lazy_data.pt",6.025111527887876,6.024382526622248,6.018741440012243,6.0236235636564635
"00058_A_service_robot_delivers_coffee_in_a_bright_cafe,__lazy_data.pt",8.527687156789158,8.295519972492341,8.313778341310124,8.29578420338441
00059_A_robotic_arm_assembles_electronic_components_in_a_lazy_data.pt,5.908926394129385,5.261350439416476,5.281046695364893,5.263936109785869
00060_A_quadruped_robot_walks_across_rocky_terrain_outdo_lazy_data.pt,6.493903308248246,6.138736018805605,6.145305105035841,6.142483696749364
00061_A_space_rover_explores_a_red_desert_landscape_on_M_lazy_data.pt,6.856841501337385,6.995113220220193,6.998759726886688,6.992559035806008
"00062_An_astronaut_walks_outside_a_lunar_base,_Earth_vis_lazy_data.pt",5.234674490999888,5.209157013404128,5.2003073434229705,5.207128341576784
00063_A_spaceship_lands_on_an_alien_planet_covered_in_gl_lazy_data.pt,8.686110505174135,8.93061729413013,8.790049473498224,8.840209903385123
00064_A_futuristic_motorcycle_speeds_through_a_tunnel_li_lazy_data.pt,6.845455835998745,6.926835674834499,6.918337993903336,6.926074995593928
"00065_A_detective_walks_through_a_dimly_lit_noir_alley,__lazy_data.pt",5.1212539712601615,5.477372348399578,5.4628530522229335,5.412016290635581
"00066_A_knight_rides_a_horse_through_a_medieval_village,_lazy_data.pt",4.512477379882971,4.420017635315694,4.4168553344601635,4.420367871502113
"00067_A_wizard_stands_on_a_cliff_during_a_storm,_robe_mo_lazy_data.pt",10.814547978478641,9.81450847465656,10.258034736536873,9.797320337536394
"00068_A_dragon_flies_above_ancient_ruins_at_sunset,_dram_lazy_data.pt",4.5608746776879565,4.727022517363709,4.579145414231243,4.649036391243247
"00069_A_pirate_ship_sails_through_a_stormy_sea,_crashing_lazy_data.pt",7.1805902125886885,6.576084826525003,6.577583198013564,6.576380167375157
"00070_A_samurai_stands_in_a_field_of_red_maple_leaves,_a_lazy_data.pt",8.926230420762685,8.740323375040145,8.702749840789455,8.738415087297387
00071_A_cowboy_rides_across_a_dusty_desert_at_golden_hou_lazy_data.pt,9.861539876034298,9.110491670047367,9.128878435455785,9.110796907235063
00072_A_caravan_of_travelers_crosses_desert_dunes_under__lazy_data.pt,7.9315676172788505,7.567590018882949,7.584835391262519,7.568244242439754
00073_A_camel_walks_slowly_through_a_desert_oasis_settle_lazy_data.pt,5.079557425875534,5.278243377835506,5.275123436754014,5.276130892091055
"00074_A_bustling_bazaar_in_the_Middle_East,_colorful_fab_lazy_data.pt",8.06920630722021,6.528776092790461,6.782902556876788,6.555287852426699
00075_A_temple_courtyard_in_Kyoto_during_cherry_blossom__lazy_data.pt,6.352787433628738,5.065857909503311,5.085368105556133,5.0720330408796
00076_A_monk_walks_through_a_quiet_Tibetan_monastery_cor_lazy_data.pt,7.69143785777098,7.215139586180393,7.23719872176186,7.217054508485862
"00077_A_waterfall_cascades_into_a_lush_jungle_pool,_mist_lazy_data.pt",6.901613344525091,6.252342144925582,6.124644945220546,6.267309624072564
00078_A_river_flows_through_a_deep_canyon_under_bright_d_lazy_data.pt,5.063428703398118,4.661650513403756,4.6513013240437076,4.6625555449814104
00079_Aurora_borealis_dances_across_the_night_sky_above__lazy_data.pt,5.18216065440257,5.504607045046014,5.504324862203274,5.500987150998293
"00080_A_thunderstorm_rolls_over_an_open_prairie,_dramati_lazy_data.pt",8.843281993652113,7.986279557534476,8.004580864759731,7.987288455937189
00081_A_field_of_lavender_sways_in_the_wind_under_soft_e_lazy_data.pt,9.522404536803068,9.098558761949842,9.090467401286627,9.100878365195928
00082_A_sunflower_field_stretches_to_the_horizon_at_suns_lazy_data.pt,8.418467390532292,7.628697164395137,7.605867693799767,7.630845924482643
"00083_A_cherry_blossom_avenue_in_spring,_petals_falling__lazy_data.pt",14.200291545078894,12.72791521593198,12.701810617400847,12.733677264113707
00084_A_quiet_lake_reflects_snow-covered_mountains_at_da_lazy_data.pt,7.93963205791865,7.650979975785484,7.716741681137579,7.543673743835488
00085_A_lighthouse_stands_on_a_rocky_coast_as_waves_cras_lazy_data.pt,9.02033473687443,7.639140219822892,7.675866167550597,7.64613931974068
"00086_A_small_cabin_in_the_woods_during_heavy_snowfall,__lazy_data.pt",5.325557983982408,4.847647863630334,4.847912182023744,4.846838688499538
"00087_A_campfire_burns_beside_a_lake_at_night,_friends_s_lazy_data.pt",5.8587757430572545,5.703366329199013,5.710465422213559,5.702553213123298
"00088_A_child_flies_a_kite_on_a_windy_hill,_wide_open_sk_lazy_data.pt",12.248220797075865,12.106511879841033,12.1026256940284,12.10399107845806
00089_A_group_of_friends_laugh_and_talk_during_a_picnic__lazy_data.pt,5.91867619712921,5.1401140734325805,5.14913747188376,5.143122344907252
00090_A_fashion_model_walks_confidently_through_a_luxury_lazy_data.pt,9.072548442821645,8.85460266601198,8.860588335350423,8.853743956177459
00091_A_woman_in_a_red_coat_descends_a_grand_staircase_i_lazy_data.pt,5.544943327495424,5.884091807291753,5.871980570435157,5.878727268218946
00092_A_businessman_walks_quickly_through_a_busy_financi_lazy_data.pt,8.941435482965398,7.466342845640346,7.710984504340071,7.507366349356484
"00093_A_young_man_jogs_across_a_bridge_at_sunrise,_river_lazy_data.pt",6.89636369816955,7.195916515837353,7.190572028181837,7.192674333905496
"00094_A_fitness_trainer_leads_a_workout_in_a_bright_gym,_lazy_data.pt",9.71033692008672,9.080293844834324,9.114536463015954,9.084193511755
00095_A_swimmer_cuts_through_the_water_in_an_indoor_pool_lazy_data.pt,6.70432556248249,6.113562816683964,6.112579724004145,6.114328739038203
00096_A_tennis_player_serves_on_an_outdoor_court_under_b_lazy_data.pt,6.538710614485328,6.531349656723623,6.522755766808225,6.528936259006676
00097_A_soccer_player_dribbles_across_a_stadium_pitch_at_lazy_data.pt,10.013939754152787,9.117715496287136,9.136385527235335,9.121333523458103
00098_A_basketball_player_practices_alone_in_an_empty_co_lazy_data.pt,7.214874062049363,7.464514753831709,7.460047387032273,7.46194674768878
00099_A_child_rides_a_bicycle_through_a_quiet_suburban_s_lazy_data.pt,5.637887035349574,5.854310581237173,5.851945894962926,5.853129266897756
"00100_A_mail_carrier_delivers_letters_in_a_small_town,_f_lazy_data.pt",4.057475274425764,3.8337614382029255,3.838215656193527,3.8337829739682445
00101_A_florist_arranges_a_bouquet_in_a_charming_flower__lazy_data.pt,7.107400141567028,6.174319786495744,6.200291418353069,6.178906108896985
00102_A_librarian_pushes_a_cart_between_tall_bookshelves_lazy_data.pt,6.580095869146557,6.31315826953797,6.3316955432586335,6.313332683996799
"00103_A_musician_records_vocals_in_a_studio_booth,_headp_lazy_data.pt",9.634329475578035,9.166425744083275,9.131638901147818,9.12208036581048
"00104_A_game_developer_works_late_in_a_modern_studio,_gl_lazy_data.pt",8.324348185803574,7.901384714775256,7.910095814175554,7.902465049581534
00105_A_photographer_adjusts_a_camera_on_a_tripod_in_a_m_lazy_data.pt,7.461901860621421,7.5374333113562395,7.541590062611971,7.535661299865362
00106_A_news_reporter_stands_in_front_of_a_busy_city_str_lazy_data.pt,7.698709364736607,7.3122644806284,7.318967798285142,7.313765203205961
00107_A_sailor_secures_ropes_on_a_ship_deck_during_rough_lazy_data.pt,8.710944726372466,8.667928833416935,8.659076053222988,8.666486454912379
00108_A_blacksmith_forges_glowing_metal_in_a_traditional_lazy_data.pt,5.533338723399644,5.600989561331079,5.495386793430707,5.556995905931488
"00109_A_potter_shapes_a_clay_bowl_on_a_spinning_wheel,_h_lazy_data.pt",4.7333586347999805,4.68899225848473,4.689818395990128,4.689594184630281
"00110_A_glassblower_forms_molten_glass_in_a_workshop,_or_lazy_data.pt",5.5103133001147615,5.529804221003693,5.525040802184296,5.528795999007151
00111_A_child_opens_a_gift_box_on_a_birthday_party_table_lazy_data.pt,8.176862185010675,7.689207382411575,7.708996560311546,7.6934191585902605
00112_A_bride_and_groom_dance_during_an_outdoor_wedding__lazy_data.pt,4.513104497370582,4.036795326629664,4.0380724347458115,4.038879358072362
00113_A_dog_waits_patiently_by_a_front_door_for_its_owne_lazy_data.pt,7.43029319700642,7.071190435574372,6.998888663910524,7.062257955903317
00114_A_child_watches_snow_fall_from_a_bedroom_window_on_lazy_data.pt,6.925976151324077,7.340157213188088,7.178507883735473,7.203166575461633
00115_A_mother_and_daughter_bake_cookies_together_in_a_b_lazy_data.pt,5.616918101495965,5.302434773127013,5.308862713165391,5.303075033034567
00116_A_father_teaches_his_son_how_to_fish_by_a_calm_riv_lazy_data.pt,6.015644895497344,6.439906844714721,6.396030534548294,6.37025606754121
00117_A_time-lapse_style_city_sunrise_with_buildings_gra_lazy_data.pt,5.879868019899861,5.913779200163027,5.8985237450862735,5.91224232834531
00118_A_sweeping_aerial_shot_over_terraced_rice_fields_i_lazy_data.pt,6.065384327967561,5.9045033949605115,5.905944779130215,5.904371638796083
00119_A_mysterious_cloaked_traveler_walks_through_an_anc_lazy_data.pt,6.963589588314151,7.2058127874636435,7.202414121789416,7.2032698959152555
00120_A_futuristic_control_room_filled_with_holographic__lazy_data.pt,11.291756792306035,10.288170119106605,10.317631754939773,10.289019689415186
00121_A_giant_mechanical_clock_tower_interior_with_movin_lazy_data.pt,7.414029252929624,6.376483033414894,6.398487199310915,6.381762975164398
"00122_A_post-apocalyptic_city_overgrown_with_plants,_aba_lazy_data.pt",7.0675761652316496,6.686216374795848,6.684066592914838,6.685874951035996
00123_A_child_explores_a_glowing_cave_filled_with_crysta_lazy_data.pt,7.19692937580247,6.8862571162109125,6.598422790164743,6.878583680723454
00124_A_bioluminescent_forest_at_night_with_glowing_plan_lazy_data.pt,11.59359379473781,10.932318599936734,10.892065621589895,10.933352756730708
00125_A_paper_boat_floats_down_a_rain-filled_street_gutt_lazy_data.pt,5.297855178705061,5.552228686523006,5.54845691389371,5.550014843316912
00126_A_lone_traveler_stands_at_a_train_platform_as_fog__lazy_data.pt,7.084902430355018,7.132877008817946,7.119189565600642,7.131116818380985
00127_A_woman_with_an_umbrella_walks_through_a_lantern-l_lazy_data.pt,5.569817387068858,5.753466196351956,5.752652287263793,5.7515949838598965
00128_A_young_man_sits_by_a_campfire_in_the_desert_under_lazy_data.pt,7.494904859502899,7.684123718184982,7.68437735963717,7.681554614747786
00129_A_rescue_helicopter_shines_a_searchlight_over_roug_lazy_data.pt,8.440451739770587,7.926713123582593,7.933304884011203,7.927369744593121
00130_A_coral_pink_flamingo_walks_through_shallow_water__lazy_data.pt,8.576871871679295,8.808433669347961,8.777379343327128,8.69991065442632
00131_A_polar_bear_walks_across_Arctic_ice_under_a_pale__lazy_data.pt,11.420142568479417,10.29469569797473,10.321514320939082,10.300227609932081
"00132_A_penguin_colony_stands_on_snowy_Antarctic_ground,_lazy_data.pt",5.676675353303081,5.806822588651015,5.804836060019211,5.805289994696215
00133_A_leopard_moves_silently_through_tall_grass_in_the_lazy_data.pt,7.187875480680608,7.853026615946773,7.668187505215096,7.734509895141456
"00134_A_moose_crosses_a_forest_path_in_autumn,_golden_le_lazy_data.pt",9.094521151546614,8.730565879213326,8.685831720877582,8.728197839839577
"00135_A_raccoon_investigates_a_campsite_at_night,_flashl_lazy_data.pt",7.211639548383457,7.229124274989572,7.228839758346033,7.227438825759708
"00136_A_hedgehog_walks_through_wet_grass_after_rain,_mac_lazy_data.pt",7.259613019659825,7.736172983830852,7.712364731450188,7.731791506261458
"00137_A_peacock_opens_its_feathers_in_a_palace_garden,_b_lazy_data.pt",11.375934059735531,10.809756406465262,10.851722618807935,10.812593867490339
"00138_A_koi_pond_in_a_traditional_courtyard,_colorful_fi_lazy_data.pt",4.433507070957415,4.065303664839284,4.074432742270552,4.066184035605258
00139_A_lantern_festival_at_night_with_glowing_lanterns__lazy_data.pt,10.202714237574478,8.63289485331987,8.678429143502306,8.641120360026527
00140_A_winter_street_in_a_small_town_decorated_for_holi_lazy_data.pt,8.424857015923841,8.951036572428194,8.878638110144113,8.721233111312772
"00141_A_child_chases_soap_bubbles_in_a_park,_bright_dayl_lazy_data.pt",6.667488617747143,6.5370379650554975,6.545117871648723,6.536457908603762
00142_A_castle_on_a_hill_surrounded_by_rolling_fog_at_da_lazy_data.pt,7.527304025054201,6.968090351686926,6.979909241322625,6.9692349558683295
"00143_A_wolf_pack_runs_through_a_moonlit_forest,_silver__lazy_data.pt",5.718675217400661,5.308138296782941,5.299875755201363,5.309616153548612
00144_A_street_vendor_grills_skewers_at_a_night_market_i_lazy_data.pt,7.864089305125119,7.002285545143798,7.029532237448992,7.008349220788479
00145_Volcanic_lava_flows_into_the_ocean_creating_massiv_lazy_data.pt,10.262023402335064,8.628412303910777,8.655641012874494,8.636835907568525
00146_Rain_pours_on_a_neon-lit_alley_in_Tokyo's_Shinjuku_lazy_data.pt,4.566089610052503,4.832016470844538,4.709125422444443,4.7604548668458975
"00147_A_fairy_village_built_inside_a_giant_mushroom,_glo_lazy_data.pt",5.8191844267436315,5.623972387999581,5.631902937866287,5.623500776891978
"00148_A_sushi_chef_slices_fresh_tuna_with_precision,_gli_lazy_data.pt",5.124027649558186,5.444053395165268,5.441376772123629,5.441312593540417
"00149_A_figure_skater_lands_a_triple_axel_on_ice,_spray__lazy_data.pt",5.119907473774765,4.9871321924232905,4.971715036868553,4.986686774089529
00150_An_oil_painter_mixes_colors_on_a_palette_with_a_kn_lazy_data.pt,5.8583716437058815,5.784778588643458,5.8338857826560675,5.767091454969917
"00151_Roman_soldiers_march_through_a_cobblestone_forum,__lazy_data.pt",5.360415858230901,4.832967908134203,4.84639342021575,4.834676769309362
00152_Ink_drops_diffuse_in_water_creating_abstract_cloud_lazy_data.pt,9.278171457483039,8.69389094950965,8.689571093411159,8.68991137441303
00153_First_snowflakes_fall_on_a_bustling_city_intersect_lazy_data.pt,5.2308313005662885,5.481203255558889,5.4756610489439925,5.479409965838382
00154_A_steam_locomotive_chugs_through_autumn_countrysid_lazy_data.pt,5.99114686524466,5.987932838645477,5.9811035226911695,5.985427102917819
"00155_A_person_sits_alone_on_a_bench_watching_the_ocean,_lazy_data.pt",9.516121062371532,8.714769561235219,8.734754876763288,8.717788838266555
00156_Diwali_fireworks_illuminate_a_neighborhood_at_nigh_lazy_data.pt,6.517920003276359,6.691363236325581,6.687242913501873,6.6895600252712395
00157_An_ant_colony_carries_food_through_an_underground__lazy_data.pt,9.894348526341846,9.721349404232457,9.672264601780663,9.720126474999319
00158_A_toddler_takes_first_wobbly_steps_toward_a_parent_lazy_data.pt,9.205838977530686,8.601205985941856,8.59991429319523,8.602365795490439
00159_A_programmer_debugs_code_at_3am_with_multiple_moni_lazy_data.pt,7.0191288214112095,7.702549185945568,7.320935056457009,7.519759349305437
"00160_A_scene_shot_in_classic_film_noir_black_and_white,_lazy_data.pt",11.264341101502213,11.155712831030026,11.14504651628963,11.153069632071544
00161_An_entire_scene_bathed_in_monochromatic_blue_tones_lazy_data.pt,10.827790657390851,11.651688459772199,11.631444996226405,11.643737071681
00162_A_teenage_boy_skateboards_down_a_steep_hill_at_dus_lazy_data.pt,6.608549421690707,6.758901328857464,6.753893769193227,6.757449303816496
"00163_A_manta_ray_glides_over_a_sandy_ocean_floor,_dappl_lazy_data.pt",7.2066130673158035,7.874700307532217,7.317346561101101,7.697990548793912
"00164_Morning_fog_rolls_through_a_redwood_forest,_beams__lazy_data.pt",5.587239353970916,5.600899074137674,5.587878932662265,5.598381096566597
00165_An_Art_Deco_lobby_with_golden_elevator_doors_openi_lazy_data.pt,9.600792894822117,8.9370502416823,8.968315082018478,8.938759320294698
"00166_A_cyborg_samurai_draws_a_laser_katana_in_the_rain,_lazy_data.pt",9.502183661459235,10.093244571864263,9.600174333092916,9.924538294111482
00167_Chocolate_tempering_on_a_marble_slab_in_slow_folds_lazy_data.pt,5.033014568999191,4.870103008568485,4.941856064129989,4.847928535953952
00168_A_Formula_1_car_races_through_a_rain-soaked_circui_lazy_data.pt,8.34350337032539,8.073061825391834,7.791367956008257,8.07060905432518
00169_A_street_mural_artist_sprays_a_large_wall_portrait_lazy_data.pt,7.9333597479664455,7.623822743544773,7.624762031900191,7.623597036949005
"00170_A_Victorian_lady_reads_by_gaslight_in_a_parlor,_la_lazy_data.pt",6.874873609612486,6.2918721241722,6.307579655221146,6.293825192594582
00171_Light_refracts_through_a_prism_casting_rainbow_on__lazy_data.pt,9.859178270807586,9.41088958980924,9.40907217470935,9.410945690750012
"00172_A_blizzard_reduces_visibility_on_a_mountain_road,__lazy_data.pt",7.422979934936537,6.355905426045755,6.3690065484076435,6.359753075004441
00173_A_motorcycle_convoy_rides_through_desert_highway_a_lazy_data.pt,6.607638593722206,4.593274368694187,4.734567924454684,4.579341074481211
"00174_Friends_embrace_at_an_airport_reunion_gate,_emotio_lazy_data.pt",7.099689213770446,6.940258686974548,6.938366187802171,6.9405268223404555
"00175_Day_of_the_Dead_altar_with_marigolds_and_candles,__lazy_data.pt",8.150205246073018,7.113136804851258,7.149114492312619,7.118131205993185
00176_A_dewdrop_reflects_an_entire_forest_on_a_spider_we_lazy_data.pt,5.983097742828535,5.854628387779663,5.841317139911398,5.852574413799911
"00177_Grandfather_shows_grandson_how_to_whittle_wood,_sh_lazy_data.pt",7.182638596032886,6.718401967319565,6.741964853370584,6.720267426556514
00178_A_VR_user_reaches_for_a_virtual_object_in_an_empty_lazy_data.pt,9.436313200800473,9.336567967379953,9.19381624931524,9.246989246139034
00179_An_anime-style_schoolgirl_runs_with_toast_in_mouth_lazy_data.pt,6.083723317660753,4.790726320696457,4.946869866059513,4.845661974429505
00180_Neon_pink_and_cyan_dominate_a_synthwave_retro_land_lazy_data.pt,10.194590208884364,10.044058563614605,10.04234196731703,10.038658403615573
00181_A_herd_of_elephants_walks_across_the_African_savan_lazy_data.pt,6.909599423254886,6.825213177963052,6.823692713145246,6.8240370463262785
"00182_Bioluminescent_waves_crash_on_a_dark_beach,_electr_lazy_data.pt",6.051314852948329,5.767828627795151,5.7708964724058065,5.767762865810385
00183_A_brutalist_concrete_building_looms_in_overcast_li_lazy_data.pt,8.470980988620722,8.606845849842221,8.61391483510983,8.60437513193601
"00184_A_floating_island_drifts_above_cloud_seas,_waterfa_lazy_data.pt",6.190530440739198,5.824771262568236,5.8881899315584665,5.793647010853921
00185_A_tandoor_oven_blazes_as_naan_bread_is_slapped_ins_lazy_data.pt,5.54739120707692,5.475271067271844,5.472177012533135,5.474801859893926
"00186_A_gymnast_performs_on_the_uneven_bars,_chalk_dust__lazy_data.pt",9.070722542328408,9.27777354101612,9.26152024450403,9.274397940331742
"00187_A_ceramicist_fires_raku_pottery_in_open_flames,_sm_lazy_data.pt",4.690126007892145,4.910801405203449,4.663884520896455,4.826834623559665
00188_Samurai_warriors_draw_swords_in_a_misty_battlefiel_lazy_data.pt,8.080219298486119,7.575866681812014,7.480995752845747,7.511024145950855
"00189_Smoke_curls_in_colored_light_beams,_red_green_blue_lazy_data.pt",6.643019445234464,6.240161656920298,5.949351550579976,6.120148698586683
00190_A_rainbow_appears_after_a_summer_shower_over_farml_lazy_data.pt,10.534003640705428,9.878134173181884,9.895275707487345,9.8786387902773
00191_A_cargo_ship_navigates_through_ice-filled_Arctic_w_lazy_data.pt,7.043589483595837,7.088177802148091,7.148752279643679,7.009256055592777
"00192_Children_laugh_playing_in_sprinklers_on_a_hot_day,_lazy_data.pt",5.912677470910818,5.887091692481928,5.884781032511536,5.88589787749905
00193_Chinese_New_Year_dragon_dance_through_crowded_stre_lazy_data.pt,7.871759701514436,6.815755806774584,6.826116416885678,6.819529387463935
"00194_City_timelapse_from_rooftop_showing_day_to_night,__lazy_data.pt",5.885927674129515,5.0742871446538835,5.083470668582743,5.0776595694503515
"00195_Family_camping_trip_roasting_marshmallows,_fire_gl_lazy_data.pt",4.942938730526601,4.48435766856324,4.498281660614941,4.485858782428523
"00196_A_drone_delivers_a_package_to_a_suburban_doorstep,_lazy_data.pt",7.989310713234238,7.932283783781642,7.939290822388563,7.932398095487926
"00197_A_Wes_Anderson_symmetrical_shot_of_a_hotel_lobby,__lazy_data.pt",9.043485714431968,7.27156269552232,7.309973466330365,7.279942492485334
00198_Muted_pastel_colors_fill_a_Scandinavian_interior_s_lazy_data.pt,7.954722662638261,8.178430853330488,8.17724336780676,8.173764853097438
"00199_A_jellyfish_pulses_through_dark_deep_water,_biolum_lazy_data.pt",21.08841617567897,22.17333876427075,22.15889832433725,22.152391708102687
00200_A_salt_flat_reflects_the_sky_like_a_perfect_mirror_lazy_data.pt,9.212831689176198,8.789669227738123,8.809169349753015,8.789962864683263
00201_A_favela_hillside_at_sunset_with_colorful_houses_s_lazy_data.pt,8.73845062802973,7.936612927666685,7.922637805816139,7.939061485939009
"00202_A_time_traveler_steps_through_a_shimmering_portal,_lazy_data.pt",3.976229516292746,4.010453250656433,4.009410402836149,4.010217507074033
"00203_Fresh_pasta_extrudes_from_a_brass_machine,_golden__lazy_data.pt",5.779459653695922,5.929328196900177,5.860650367893068,5.863044695477844
"00204_A_surfer_rides_inside_a_barrel_wave,_curling_turqu_lazy_data.pt",8.078637322367788,7.492158017137411,7.623916763295378,7.434622058590186
"00205_A_sand_mandala_artist_creates_intricate_patterns,__lazy_data.pt",7.797310694948703,7.554084954778695,7.557051775516867,7.5544044108956525
00206_Egyptian_workers_haul_stones_for_pyramid_construct_lazy_data.pt,7.309575105991279,7.40301639054103,7.399766345634168,7.40134420692206
"00207_Paint_poured_on_canvas_creates_marbled_patterns,_a_lazy_data.pt",10.00380668027803,10.15645994983483,10.156793457007849,10.154414339759434
00208_Cherry_blossoms_reach_peak_bloom_then_petals_fall__lazy_data.pt,13.66209865952227,12.022675817417745,12.011369085845852,12.031778558328323
00209_A_rickshaw_weaves_through_monsoon_traffic_in_Mumba_lazy_data.pt,5.64264417824469,5.327354599689212,5.335347486121594,5.328826776648507
"00210_A_graduate_throws_cap_in_air_with_classmates,_blue_lazy_data.pt",9.726900737634578,11.444218117278297,11.160968341900876,11.235907956259245
"00211_Holi_festival_color_powder_explosion_in_crowd,_viv_lazy_data.pt",6.44675315452868,6.554005730686671,6.529016035456567,6.548567923018542
00212_Galaxy_rotation_viewed_through_telescope_timelapse_lazy_data.pt,11.966789072539601,11.483830241402124,11.467808107343489,11.484601590600121
"00213_A_baby_discovers_their_reflection_in_a_mirror,_cur_lazy_data.pt",5.817220469669637,5.926655365950529,5.926632806245453,5.924747937677524
"00214_A_3D_printer_builds_an_object_layer_by_layer,_extr_lazy_data.pt",7.166822215811604,7.2058559478320845,7.19742291640474,7.203749703633217
00215_A_horror_found-footage_shaky_cam_in_abandoned_hosp_lazy_data.pt,6.715954403163865,7.072840443272259,6.909467043765089,6.994821683391524
00216_Golden_hour_everything_glows_amber_and_honey_color_lazy_data.pt,10.491553478521627,11.229867276997716,11.222284051075393,11.219290231384354
"00217_A_barn_owl_swoops_through_a_misty_barn_at_night,_m_lazy_data.pt",6.969909071597516,7.378717153186264,7.371228422656478,7.37319476454766
"00218_A_tornado_forms_over_flat_farmland,_dark_funnel_an_lazy_data.pt",9.131828748837227,8.302753534032089,8.327290043926704,8.306085885521124
00219_An_abandoned_subway_tunnel_with_graffiti_and_dripp_lazy_data.pt,5.943832262922669,5.401755734159054,5.385770684046875,5.355251875226296
"00220_An_elven_city_built_into_giant_trees_at_twilight,__lazy_data.pt",6.0096544660159665,6.267385011840067,6.263815796122062,6.265380854866226
"00221_A_French_patissier_pipes_cream_onto_macarons,_past_lazy_data.pt",9.980212669061357,10.031519131628777,10.018685966374369,10.028909161400081
00222_A_martial_arts_tournament_kick_connects_in_slow_mo_lazy_data.pt,9.152137166215397,8.642757743814462,8.644676637660128,8.64330491724989
"00223_A_neon_sign_maker_bends_glass_tubes_over_flame,_or_lazy_data.pt",5.206725588741476,5.350355966431988,5.353269659752608,5.347292745687165
00224_A_1920s_flapper_dances_the_Charleston_in_a_speakea_lazy_data.pt,6.436848194465727,5.887743532368447,5.897829782945333,5.888451864952238
"00225_Kaleidoscope_mirror_patterns_rotate_slowly,_symmet_lazy_data.pt",9.826122443441134,7.780598953376631,7.818402699677487,7.7924195843717525
"00226_Fireflies_synchronize_in_a_summer_meadow_at_dusk,__lazy_data.pt",8.419730268164566,8.56708066546337,8.543910778241377,8.564039793836905
"00227_A_cable_car_ascends_steep_San_Francisco_hill,_city_lazy_data.pt",6.6694947495810775,6.006779274390804,6.065408915252284,6.0138810203560595
"00228_A_person_meditates_at_cliff_edge_at_sunrise,_breat_lazy_data.pt",5.6415666426830775,5.209859359863849,5.203690502357187,5.211089680833967
00229_Mardi_Gras_parade_with_floats_and_beads_in_New_Orl_lazy_data.pt,7.971951881091617,6.916763273192189,6.926207796919054,6.920589022405117
"00230_Water_strider_walks_on_pond_surface_tension,_rippl_lazy_data.pt",5.167488089603927,5.490600294347175,5.486201269776602,5.487888586613678
"00231_Parents_paint_a_child's_bedroom_together,_colorful_lazy_data.pt",7.349731655457428,6.62376245682222,6.636132199450801,6.627015705591936
00232_A_hacker_types_rapidly_in_a_dark_room_with_code_sc_lazy_data.pt,12.89296868348602,13.32125906054096,13.2993647652301,13.314314792698209
"00233_Teal_and_orange_color_grading_on_coastal_scene,_co_lazy_data.pt",10.561718918602098,10.173498613788462,10.18945307560685,10.170679655463372
"00234_A_cheetah_sprints_across_open_plains,_motion_blur__lazy_data.pt",9.65083571138427,9.548645128503821,9.564081147912814,9.547687619877292
"00235_Ice_crystals_form_on_a_window_in_real_time,_fracta_lazy_data.pt",9.309090467699416,8.561407386641223,8.569000798944693,8.564911125436467
00236_A_rooftop_garden_on_a_skyscraper_overlooking_Manha_lazy_data.pt,4.481413941799743,4.451892883621527,4.446787202091565,4.450325987304324
00237_A_mech_suit_pilot_engages_thrusters_in_urban_comba_lazy_data.pt,7.6105601703023105,6.717835219352714,6.7213819367900856,6.72192306967797
"00238_Hot_oil_bubbles_as_tempura_batter_hits_the_fryer,__lazy_data.pt",6.2606124251919635,5.56883324363004,5.575472835617425,5.574025141176805
"00239_A_pole_vaulter_clears_the_bar_at_sunset,_silhouett_lazy_data.pt",6.107219762513579,5.800648685436903,5.8245497446064025,5.764225278782994
00240_A_sculptor_chisels_marble_in_a_Renaissance-style_w_lazy_data.pt,4.962499520760208,5.046297398480595,5.046758472861783,5.04519200503187
"00241_Medieval_blacksmith_hammers_a_sword_on_an_anvil,_s_lazy_data.pt",5.529920639448457,5.442850959814457,5.445237160321937,5.442737950297847
00242_Magnetic_ferrofluid_spikes_react_to_a_moving_magne_lazy_data.pt,4.21953113844501,4.211242474614303,4.212413013797564,4.210276554200846
"00243_A_dust_devil_spins_across_a_dry_lake_bed,_brown_co_lazy_data.pt",8.999721244807638,8.542580997537494,8.559224525439026,8.542880791117579
"00244_A_dog_sled_team_races_across_frozen_tundra,_pantin_lazy_data.pt",7.400897552856709,7.481350481749888,7.472512448318668,7.479808683207426
"00245_A_couple_argues_then_reconciles_in_the_rain,_from__lazy_data.pt",5.761052830287813,5.816064541260941,5.800244909043136,5.813044532207039
"00246_Hanami_picnic_under_cherry_blossoms_in_Tokyo_park,_lazy_data.pt",8.120286389436176,7.384926457072767,7.3864564714054115,7.387130414058572
"00247_A_seed_germinates_and_sprouts_in_time_progression,_lazy_data.pt",5.634091602625499,6.033321181412655,5.953998773698224,5.965803914338678
00248_A_social_media_influencer_records_content_in_ring__lazy_data.pt,8.737927951383464,8.809497117081566,8.789509052605911,8.807303449229483
00249_Vivid_saturated_primary_colors_in_pop_art_style_sc_lazy_data.pt,6.198665335237005,5.068597599526539,5.014000733027733,5.0107001185950875
00250_A_flock_of_starlings_performs_a_murmuration_at_dus_lazy_data.pt,6.970651229295548,7.255540035874389,7.16479895005579,7.193487045488752
"00251_A_monsoon_rain_floods_a_tropical_street,_sheets_of_lazy_data.pt",5.657558579075142,4.930548268791775,4.979397441371401,4.952323953194885
00252_A_night_market_in_Taipei_with_steam_and_lantern_li_lazy_data.pt,7.44730057425315,6.661805523170663,6.67085144665735,6.666123536689607
00253_A_ghost_ship_sails_through_fog_with_translucent_sa_lazy_data.pt,12.340661838074588,12.150347650159114,12.159093556377282,12.1482261507563
"00254_A_sommelier_decants_an_aged_red_wine,_ruby_liquid__lazy_data.pt",9.158672369848015,9.204103973876137,9.180550409098865,9.200173013587719
00255_A_downhill_mountain_biker_navigates_a_forest_trail_lazy_data.pt,9.150535182416334,8.549373652535593,8.555120183137662,8.549810558329845
"00256_A_weaver_operates_a_traditional_loom,_colorful_thr_lazy_data.pt",5.586162450939323,5.115537872205394,5.118563502704268,5.116520872572372
00257_A_Silk_Road_caravan_crosses_mountain_pass_with_cam_lazy_data.pt,4.4563834490800165,4.660460089287125,4.654610005692085,4.657747013928612
00258_Powder_explosion_in_slow_motion_with_colored_pigme_lazy_data.pt,7.965270636298603,8.00972018262492,7.982632954593849,8.003518325275442
00259_Leaves_crunch_underfoot_on_a_forest_path_in_deep_a_lazy_data.pt,8.9964460570761,7.797189616574187,7.659500957617774,7.798529426857091
00260_A_vintage_convertible_drives_along_Pacific_Coast_H_lazy_data.pt,5.269097704816759,5.423781396032737,5.419449864218584,5.419878649969599
00261_A_soldier_returns_home_surprising_family_at_doorst_lazy_data.pt,9.068393365410916,9.070616758347043,9.050396814044568,9.06856279497038
"00262_A_chameleon_changes_color_on_a_tropical_branch,_vi_lazy_data.pt",7.814300312053862,8.232674423557471,7.994024164201484,8.123844809683124
00263_A_circular_library_with_spiraling_bookshelves_from_lazy_data.pt,10.331673214686774,8.9797079694227,9.011581981673162,8.988043010061574
00264_An_alchemist's_laboratory_bubbles_with_colored_pot_lazy_data.pt,5.345750098771096,5.316409283870388,5.313637896987579,5.315066758585174
"00265_Street_tacos_assembled_with_cilantro_and_lime,_siz_lazy_data.pt",6.882517754823338,6.47399022121594,6.51297616107323,6.466088675557917
"00266_A_fencer_lunges_in_an_Olympic_bout,_metallic_clash_lazy_data.pt",6.218895387861393,5.721360468754248,5.713790748125291,5.72022179271293
"00267_A_bookbinder_stitches_pages_by_hand,_leather_and_t_lazy_data.pt",4.848612397120882,4.478881306114053,4.479671285697979,4.480699549624689
00268_World_War_II_soldiers_advance_through_a_foggy_fore_lazy_data.pt,5.076096557170919,5.557068012135285,5.4776426435533105,5.504951917934278
"00269_Glitch_art_distortion_of_a_cityscape,_RGB_channel__lazy_data.pt",8.894368618368377,8.873279798181137,8.855120927933338,8.868519217746366
00270_A_heat_lightning_storm_illuminates_clouds_at_night_lazy_data.pt,10.15660824338934,10.176225749719123,10.192483532518695,10.173001654287933
00271_A_container_ship_unloads_at_port_with_massive_cran_lazy_data.pt,6.482526593555639,6.338544922789563,6.347228799243311,6.337313542000425
"00272_A_person_releases_lanterns_at_a_memorial_ceremony,_lazy_data.pt",6.619297499240824,6.375222648889291,6.377433225744923,6.37744372171243
"00273_Oktoberfest_beer_hall_with_lederhosen_and_steins,__lazy_data.pt",10.670429809290422,8.795065966761133,8.84725530898789,8.804475286593874
"00274_Satellite_view_of_hurricane_eye_from_space,_swirli_lazy_data.pt",5.281811806179883,5.247070700523379,5.244845168495449,5.244855107960396
00275_A_child_learns_to_ride_a_bike_with_parent_running__lazy_data.pt,4.324190977071851,4.376357705848753,4.37192887154901,4.374626794600072
"00276_Electric_vehicle_charges_at_solar-powered_station,_lazy_data.pt",8.091198446558135,7.686361511550237,7.708115260252346,7.687802720681702
"00277_A_Studio_Ghibli-inspired_countryside_train_ride,_l_lazy_data.pt",5.761219257830403,6.406760960983567,6.223180664276088,6.255598933009569
"00278_Desaturated_grey_except_for_single_red_object,_dra_lazy_data.pt",14.054626365333133,12.65778847938433,12.574809998180756,12.613482752692601
"00279_A_sea_otter_floats_on_its_back_cracking_a_shell,_k_lazy_data.pt",12.038461590750048,10.081165108800244,10.098411277087514,9.950219431577688
00280_Construction_cranes_silhouette_against_a_blood-red_lazy_data.pt,5.873998336404421,6.078510038537384,6.071589055872081,6.075819718173961
"00281_A_space_elevator_cable_stretches_into_orbit,_Earth_lazy_data.pt",6.5669138428087885,7.24451042223751,7.118952216381248,7.133282915644029
00282_A_pizza_pulled_from_a_wood-fired_oven_with_melting_lazy_data.pt,4.803384616975173,5.3255471120967375,5.320097218560585,5.321069154864497
"00283_A_diver_enters_the_water_with_minimal_splash,_ripp_lazy_data.pt",8.275398127728801,8.203177550234527,8.207215466637994,8.201254159725996
00284_An_ice_sculptor_carves_a_swan_with_chainsaw_and_ch_lazy_data.pt,7.7312980082269585,7.052399088241895,7.051270278796097,7.053686863761698
"00285_A_Renaissance_painter_works_on_a_fresco_ceiling,_s_lazy_data.pt",10.280919470152249,8.850718905739368,8.881682952223818,8.858439173664465
"00286_Silk_fabric_ripples_in_slow_motion_wind,_iridescen_lazy_data.pt",9.352869499382134,9.234234096645498,8.906535053547913,9.17039550114647
"00287_A_whiteout_snowstorm_buries_a_rural_farmhouse,_win_lazy_data.pt",8.596849764627184,8.839388563017996,8.833764653606135,8.836052085758592
"00288_A_tuk-tuk_navigates_Bangkok_traffic_at_night,_neon_lazy_data.pt",5.504398164030697,5.324370995888298,5.327848578203371,5.325389013784373
00289_An_artist_stares_at_blank_canvas_in_creative_block_lazy_data.pt,6.222100011596207,6.606973356435386,6.595567183209322,6.602376683383077
"00290_A_Powwow_with_dancers_in_feather_regalia,_drums_an_lazy_data.pt",5.864021733357534,5.674283925146403,5.68079560725101,5.6750202526601745
00291_A_snowflake_forms_unique_crystal_structure_in_slow_lazy_data.pt,10.818886213204884,10.851656849446929,10.87282476046808,10.847744161529722
00292_Bedtime_story_reading_with_flashlight_under_covers_lazy_data.pt,9.284420210039698,9.266784606871717,9.257979160054283,9.261765536375197
"00293_A_telemedicine_doctor_consults_via_video_call,_spl_lazy_data.pt",5.730051157695256,5.899730970805862,5.892456491630241,5.897026875090439
"00294_A_Bollywood_dance_sequence_in_colorful_courtyard,__lazy_data.pt",6.718643889854896,6.400876704306989,6.4562815071801465,6.354833489005777
00295_Iridescent_rainbow_oil-slick_colors_on_dark_surfac_lazy_data.pt,9.868065255506425,8.9930831501624,9.02978084773493,8.998001506514223
"00296_A_monarch_butterfly_migration_fills_the_sky,_orang_lazy_data.pt",7.272192544285512,6.975318550197496,6.962834101429402,6.975319606996927
00297_A_pedestrian_bridge_covered_in_love_locks_at_twili_lazy_data.pt,6.389064440921302,6.082149621118287,6.084389041408208,6.081708624379502
00298_A_shapeshifter_transforms_from_wolf_to_human_under_lazy_data.pt,10.746676261751922,10.848873714872791,10.839365184791843,10.84542541209998
"00299_Dim_sum_steamers_opened_revealing_dumplings,_risin_lazy_data.pt",7.352987774047046,7.12179436791313,7.124654915884483,7.123314072563877
"00300_A_rock_climber_dynos_between_holds_on_an_overhang,_lazy_data.pt",6.249762874072752,6.353097714591495,6.346197266349163,6.350961642092147
00301_An_origami_master_folds_complex_crane_from_single__lazy_data.pt,5.095209069603,4.955651468990659,4.9618976942079644,4.955986691885467
"00302_Ancient_Greek_philosopher_teaches_in_an_agora,_mar_lazy_data.pt",4.960615142687451,4.640642079450933,4.652382540157277,4.6408977283253625
00303_Double_exposure_of_forest_and_human_silhouette_mer_lazy_data.pt,7.796391963964798,8.163003927197563,8.168252728968515,8.1592006298528
"00304_Sun_pillars_rise_above_a_frozen_lake_at_sunset,_ve_lazy_data.pt",8.25049519586993,8.637993321910518,8.635995924015976,8.63213416223831
"00305_A_blimp_floats_over_a_sports_stadium_during_event,_lazy_data.pt",5.707094108948395,6.148429407957658,6.018292268041877,6.087506616203223
00306_Venice_Carnival_masks_and_elaborate_costumes_in_pl_lazy_data.pt,6.655683661599715,5.564758214758557,5.591281314495198,5.569401466561549
00307_Blood_cells_flow_through_vein_in_medical_visualiza_lazy_data.pt,10.580736519587392,9.739537850198996,9.732972260889209,9.744786947533052
"00308_Family_road_trip_sing-along_in_car,_passing_landsc_lazy_data.pt",3.6320204097010187,3.509910559510084,3.5117544316325127,3.5095097256781576
"00309_Warehouse_robots_sort_packages_on_conveyor_maze,_L_lazy_data.pt",10.532542889538682,8.706490231287384,8.757867281290373,8.716944743986458
"00310_A_Hong_Kong_action_wire-fu_martial_arts_sequence,__lazy_data.pt",6.083220506602071,5.926229406994703,5.932884972054908,5.926979763897856
00311_Earth_tones_dominate_desert_archaeological_dig_sce_lazy_data.pt,6.774008401954118,6.855684142071462,6.597643707467007,6.685675633799666
"00312_A_komodo_dragon_walks_across_volcanic_sand,_harsh__lazy_data.pt",9.325584277854093,9.878822049473847,9.829233633333118,9.869353467327983
00313_An_indoor_swimming_pool_in_an_abandoned_Soviet_hot_lazy_data.pt,7.127767672000399,7.450558054564563,7.446574763558473,7.353137273513766
00314_A_holographic_concert_performer_materializes_on_st_lazy_data.pt,8.587952478099975,8.105879747249114,8.093384792516842,8.107783880149785
"00315_A_wok_tosses_noodles_in_flames_during_stir-fry,_hi_lazy_data.pt",5.245148342397779,5.035146045462825,5.030509711472629,5.03391100263398
"00316_A_horse_jumps_over_a_barrier_in_show_jumping,_mane_lazy_data.pt",6.053934643259182,6.1781113132651955,6.176939481570235,6.176768772259962
"00317_A_graffiti_writer_tags_a_train_car_at_night,_flash_lazy_data.pt",7.744330677897179,7.684180378386365,7.665245436870863,7.682982228859824
"00318_A_Mongol_horse_archer_gallops_firing_arrows,_vast__lazy_data.pt",8.676793653170131,8.379817634800844,8.388832586817795,8.379262783155324
"00319_Water_caustics_dance_on_a_pool_bottom,_shimmering__lazy_data.pt",13.528494538520475,13.594430829092133,13.555032434937145,13.590503428766548
"00320_A_ferry_departs_harbor_leaving_wake_pattern,_city__lazy_data.pt",5.866588603309367,4.997501683207972,5.012823301145939,5.000516903042823
"00321_Songkran_water_festival_splash_battle_in_Thailand,_lazy_data.pt",5.629180213409429,5.6082446708551545,5.606518127037427,5.606109441009956
"00322_Moonrise_over_earth_from_ISS_perspective,_curved_h_lazy_data.pt",3.859464618078326,3.972200864289302,3.970495619219004,3.971176114709159
"00323_A_sloth_moves_slowly_through_rainforest_canopy,_fi_lazy_data.pt",8.811275788592404,7.634767526802416,7.624701803541786,7.640163809021011
00324_A_Dubai_fountain_show_synchronized_with_music_at_n_lazy_data.pt,7.948710823540924,7.448795565875284,7.444901026459265,7.450113027622448
"00325_A_necromancer_raises_skeletons_from_a_battlefield,_lazy_data.pt",5.7372643373578756,6.166752360368667,6.151826188412815,6.161253851481299
00326_Bubble_tea_pearls_cascade_into_a_glass_of_milk_tea_lazy_data.pt,8.365005529998253,7.684319683393934,7.675956274427138,7.687268286561369
"00327_A_kayaker_navigates_white_water_rapids,_spray_and__lazy_data.pt",6.71013172668821,6.1377198693732735,6.135629450737304,6.141373407702609
"00328_A_fashion_designer_sketches_on_a_mannequin_form,_f_lazy_data.pt",8.670560716484616,8.860857457005208,8.809165578460723,8.835396788810563
00329_A_colonial_sailing_ship_battles_stormy_Atlantic_se_lazy_data.pt,5.9747347676662885,5.371008746384513,5.374543576244372,5.370119042276565
"00330_Long_exposure_light_painting_in_dark_space,_trails_lazy_data.pt",6.226118013357446,6.253106969693924,6.251487208727748,6.250304089696798
"00331_A_microburst_dumps_rain_on_one_section_of_city,_sh_lazy_data.pt",4.668537065123523,4.640722709595941,4.641564917148445,4.639043664235519
00332_A_horse-drawn_carriage_rolls_through_Central_Park__lazy_data.pt,4.413567309405184,4.3355186102425245,4.341884503485392,4.335555361638642
00333_A_surprise_birthday_party_erupts_as_lights_turn_on_lazy_data.pt,6.976969875318997,7.128203048921841,6.972623664685377,7.054093874195805
"00334_Brazilian_Carnival_samba_parade_in_Sambadrome,_fea_lazy_data.pt",5.247469076387685,4.939663620011532,4.936367100107029,4.93976066355505
"00335_Neuron_synapse_firing_in_scientific_visualization,_lazy_data.pt",8.984473807197427,8.296106433853673,8.301047507997394,8.29248312161805
"00336_Grandmother_braids_granddaughter's_hair_on_porch,__lazy_data.pt",7.5074604786568715,6.366188380381868,6.4041940280859935,6.372769014341903
"00337_A_gamer_competes_in_esports_tournament_arena,_RGB__lazy_data.pt",8.494238379365243,8.622033872257072,8.598832957362426,8.619217652702542
"00338_A_western_Sergio_Leone_extreme_close-up_standoff,__lazy_data.pt",7.156364933828225,7.925019253276792,7.783998614202273,7.815467264317949
"00339_Cool_purple_and_magenta_twilight_sky_over_ocean,_g_lazy_data.pt",13.521904076770896,14.941121066269167,14.927874134385164,14.92572362757202
"00340_A_crocodile_lurks_just_below_murky_water_surface,__lazy_data.pt",9.19388828932424,9.02161792317136,9.018116090248812,9.022116390872503
00341_A_narrow_cobblestone_street_in_Prague_at_Christmas_lazy_data.pt,8.26722296838494,7.037667063587138,7.07709612976275,7.044227739899131
"00342_A_witch_brews_a_storm_in_a_cauldron_on_a_cliff,_li_lazy_data.pt",8.853542968320602,7.307132033149771,7.327114595336205,7.314594875718044
"00343_A_harvest_table_laden_with_autumn_produce,_pumpkin_lazy_data.pt",9.025775449455347,7.7226653539559695,8.419733512552959,7.802393107550078
"00344_An_archer_releases_an_arrow_toward_target,_bow_fle_lazy_data.pt",9.310316536898162,9.318534708145867,9.304021420596923,9.315880841545422
00345_A_Mayan_priest_performs_ritual_at_a_pyramid_temple_lazy_data.pt,7.245292158208996,7.447542728989938,7.258127009005848,7.396582635671689
"00346_VHS_tape_distortion_of_a_sunset_scene,_scan_lines__lazy_data.pt",6.5043003030107185,5.8271609898914605,5.848182628328705,5.829441749292345
00347_An_ambulance_races_through_city_with_sirens_and_li_lazy_data.pt,8.0607679794685,7.301535995018256,7.32594341978914,7.304820474813065
"00348_Ramadan_iftar_meal_breaking_fast_at_sunset,_dates__lazy_data.pt",7.096003116562606,6.2880525747119,6.297555282324462,6.29237066793166
"00349_Pollen_grain_lands_on_flower_stigma_macro,_microsc_lazy_data.pt",7.073537408017485,6.833066754011878,6.8343011971240095,6.833537430279015
"00350_A_child_plants_a_tree_in_backyard_ceremony,_small__lazy_data.pt",5.414263721556886,5.0135314755048075,5.003909520107208,5.013585384668783
"00351_Satellite_deployment_from_rocket_in_space,_solar_p_lazy_data.pt",8.29527369663195,7.552099629526815,7.571735915235116,7.5551744200979485
"00352_A_K-horror_long-haired_ghost_in_hallway,_dark_corr_lazy_data.pt",11.73763952262769,10.974089646674907,10.969480798072249,10.975802430314616
00353_Acid_green_and_electric_yellow_toxic_waste_aesthet_lazy_data.pt,6.8522740170112435,7.134577751763688,7.130058833646571,7.13055370601762
00354_A_flock_of_cranes_takes_flight_from_wetland_at_daw_lazy_data.pt,5.663063372325758,5.828425950436003,5.832839929893319,5.826188002302711
00355_A_parking_garage_spiral_ramp_shot_from_center_look_lazy_data.pt,4.504004001754127,4.703831234359932,4.699138357706584,4.701070570478915
"00356_A_crystal_dragon_sleeps_inside_a_geode_cave,_prism_lazy_data.pt",5.296117012782093,5.178006004858708,5.176593236639696,5.17695296161975
"00357_Cotton_candy_spun_onto_paper_cone_at_fair,_pink_su_lazy_data.pt",9.683175258117197,8.841062301288856,8.858911458611326,8.840916116127591
"00358_A_wingsuit_flyer_glides_between_mountain_peaks,_va_lazy_data.pt",6.077139646262789,6.310654817425973,6.308744042025377,6.3090317543526355
00359_A_silent_film_era_scene_with_intertitle_cards_impl_lazy_data.pt,6.974099041783694,6.879321825175985,6.867966933071473,6.877926817689044
"00360_A_praying_mantis_hunts_on_a_leaf,_morning_dew_drop_lazy_data.pt",7.333534168567883,7.411032302585252,7.4098621728682295,7.410280922592283
"00361_A_glass_skywalk_over_a_canyon_in_China,_transparen_lazy_data.pt",5.97426710736868,6.102027184807427,6.101152664857777,6.09930957265599
"00362_A_underwater_city_with_glass_domes_and_submarines,_lazy_data.pt",8.249575276065599,8.752896277657147,8.742755494515135,8.745330316809776
"00363_Honey_drips_slowly_from_wooden_dipper_into_jar,_go_lazy_data.pt",8.485502503978845,7.8984626322570515,7.904956709718119,7.899344896481477
"00364_A_parkour_traceur_backflips_off_rooftop_ledge,_cit_lazy_data.pt",5.00212874750913,5.220261078574103,5.161427814582695,5.154564908677467
00365_A_Byzantine_mosaic_artist_places_gold_tiles_in_chu_lazy_data.pt,7.946334556253092,6.557455492134993,6.933029738440635,6.635828695129943
"00366_Soap_film_iridescence_shifts_colors_as_it_drains,__lazy_data.pt",4.882565634486715,5.093418394423829,4.946308458089079,4.980113073354888
00367_A_rocket_launch_from_pad_with_massive_exhaust_plum_lazy_data.pt,7.491717484832485,6.2641824620266755,6.282309488425036,6.270809334969983
"00368_A_tear_rolls_down_cheek_during_farewell,_train_dep_lazy_data.pt",9.340808656941494,8.971247838375257,8.586322606490848,8.959853118256211
00369_Northern_Lights_festival_with_ice_sculptures_and_m_lazy_data.pt,9.576819718794265,9.76983312460488,9.503516069925407,9.599339446376359
"00370_Termite_mound_interior_cross-section_activity,_com_lazy_data.pt",8.56343894279876,8.586253961021786,8.537501396228311,8.583335302908937
"00371_A_teenager_teaches_parent_how_to_use_smartphone,_r_lazy_data.pt",4.688633568385265,4.823807208178843,4.818897608730722,4.822387537261205
00372_A_Pixar-style_3D_animated_character_discovers_trea_lazy_data.pt,5.990361492963872,5.409846560402326,5.410048556228045,5.412499127395024
"00373_Midnight_blue_and_silver_moonlight_palette,_night__lazy_data.pt",10.271261322192357,10.370779589900257,10.346772332779977,10.367178026627109
"00374_An_octopus_camouflages_on_coral_reef,_shifting_tex_lazy_data.pt",9.340375488043641,9.623668765752624,9.021741205127014,9.528569966591826
"00375_A_food_court_in_mega_mall_during_lunch_rush,_diver_lazy_data.pt",5.700287212819672,5.031167355459389,5.044752231853749,5.03305878127581
"00376_A_phoenix_rises_from_ashes_in_slow_motion,_gold_an_lazy_data.pt",5.10393172200151,5.1979251409287075,5.185316094478779,5.193635034220392
"00377_Saffron_threads_steep_in_golden_broth,_vivid_yello_lazy_data.pt",9.654961793346864,9.452383506256105,9.409009016113583,9.447291365398698
"00378_A_weightlifter_completes_clean_and_jerk,_strain_an_lazy_data.pt",10.801629094659722,10.318063030757772,10.32236902182435,10.320937507135103
"00379_A_Viking_longship_rows_through_fjord_mist,_oars_an_lazy_data.pt",8.956264969893502,7.784411041812884,8.006342641004597,7.777100762380276
"00380_Sand_patterns_formed_by_vibrating_plate,_Chladni_f_lazy_data.pt",7.342676053680187,7.181282749075472,7.178434782816363,7.1802694401407745
"00381_A_glider_soars_silently_over_alpine_ridge,_no_engi_lazy_data.pt",4.945002212239707,5.198915010302981,5.190974714960935,5.1956258365402155
"00382_A_first_kiss_under_fireworks_display,_colorful_exp_lazy_data.pt",5.302083390705091,5.1756644906060005,5.16696720983517,5.174741966724529
00383_Edinburgh_Fringe_street_performer_captivates_crowd_lazy_data.pt,8.149303679974956,7.1243188551323975,7.117552368690919,7.128579930897606
"00384_Mold_colony_spreads_on_bread_in_time_progression,__lazy_data.pt",2.7038952369234917,2.8070497333579723,2.805060014341286,2.805766912823466
"00385_New_parents_gaze_at_sleeping_newborn_in_bassinet,__lazy_data.pt",7.479222265568562,7.503628910730918,7.590945342825997,7.466699539124341
"00386_A_Christopher_Nolan_IMAX_scale_city_destruction,_p_lazy_data.pt",7.839409989885928,7.011864430443068,7.023752639776568,7.016821933956156
"00387_Autumn_palette_of_burnt_orange_rust_and_burgundy,__lazy_data.pt",6.397197220864004,6.063936537245854,5.778940776460494,6.041719541362297
"00388_A_snow_leopard_descends_rocky_Himalayan_slope,_whi_lazy_data.pt",7.421350977111245,7.307222719537326,7.287994199257636,7.306992863607459
00389_A_Hong_Kong_apartment_building_exterior_with_laund_lazy_data.pt,14.250584170887908,13.220130119699391,13.682895308648929,13.165032875787247
"00390_An_android_discovers_emotions_watching_sunset,_war_lazy_data.pt",8.767860214862528,8.910427101963009,8.903989471221907,8.906605225789017
00391_Molecular_gastronomy_sphere_bursts_on_tongue_close_lazy_data.pt,7.077453512436446,7.017644180152121,7.084874788026853,6.914612105458162
"00392_A_rally_car_drifts_through_dusty_hairpin_turn,_tir_lazy_data.pt",5.7995695388493225,5.195958462653537,5.220348911958235,5.19985301880211
00393_A_Qing_dynasty_emperor_receives_tribute_in_forbidd_lazy_data.pt,8.468194312996562,7.450305420838241,7.476250662285364,7.454227572124866
"00394_Thermal_camera_view_of_city_at_night,_heat_signatu_lazy_data.pt",6.280036827487861,5.50888211892043,5.516820280654122,5.510920511367718
00395_A_canoe_paddles_silently_through_misty_northern_la_lazy_data.pt,7.608376635412278,7.718502428870451,7.732166848562944,7.715616482707306
00396_A_horror_movie_moment_with_figure_in_mirror_reflec_lazy_data.pt,10.15917946484173,8.643271641056561,8.537372943979655,8.687789440734086
"00397_Korean_Chuseok_ancestral_memorial_ceremony,_tradit_lazy_data.pt",6.8167091695991155,5.7935176601934,5.818109352332665,5.797541698398612
"00398_Lightning_bolt_propagation_in_slow_motion_macro,_b_lazy_data.pt",7.189397144544424,6.955642851401151,6.935204367752425,6.955647572475083
"00399_Family_reunion_group_hug_in_backyard,_multiple_arm_lazy_data.pt",4.927808420860733,4.547949640322395,4.555386673351864,4.549009730308881
"00400_A_farmer_uses_drone_to_survey_crop_health,_tablet__lazy_data.pt",6.43158431109267,6.584228430630949,6.577399141049561,6.581963512246138
"00401_A_steampunk_airship_docks_at_floating_platform,_br_lazy_data.pt",6.282973031826164,5.707751851333912,5.712881185201554,5.709423445717135
00402_A_butcher_carves_dry-aged_steak_with_expert_stroke_lazy_data.pt,4.994619225309468,5.27037434478742,5.2675232301287975,5.268897032748498
"00403_A_stained_glass_artisan_solders_lead_came_joints,__lazy_data.pt",13.049204360845254,12.586301582824069,12.58659599457751,12.509554910354007
"00404_A_protest_march_fills_city_street_with_signs,_pass_lazy_data.pt",7.650444892552836,6.689353895998355,6.700507714317255,6.693528809879984
"00405_Crystal_growth_timelapse_in_saturated_solution,_ge_lazy_data.pt",7.738616025723016,7.858522730971974,7.860528612373721,7.8569478513855415
00406_A_junk_boat_sails_through_Halong_Bay_limestone_kar_lazy_data.pt,6.686205549389182,6.273620792768369,6.2968473732916905,6.274065633627537
"00407_A_puppet_maker_animates_marionette_on_strings,_woo_lazy_data.pt",7.868373674775819,6.865758244001162,6.898219996991618,6.8715612976779985
00408_A_comedy_scene_with_man_slipping_on_banana_peel_in_lazy_data.pt,7.736900179736461,6.619217827987879,6.648044356859191,6.625757120912571
"00409_A_Japanese_tea_ceremony_in_tatami_room,_precise_ri_lazy_data.pt",7.266045721705444,6.8186411710046055,6.815919068380895,6.821139547852555
"00410_Bacteria_colony_growth_on_petri_dish_timelapse,_ci_lazy_data.pt",9.726087691380275,8.880630759399361,8.871681986332034,8.885402340838276
"00411_A_child_catches_first_fish_with_proud_parent,_smal_lazy_data.pt",5.46151050323882,4.804283637069009,4.9498278238302635,4.84005058412587
00412_Brain-computer_interface_user_controls_cursor_with_lazy_data.pt,10.507634891816776,10.787392395806624,10.758077554618401,10.783515311507452
"00413_Fluorescent_highlighter_colors_in_rave_setting,_UV_lazy_data.pt",5.84382091519327,5.868696697951578,5.86796519150666,5.86646920468982
00414_A_wildebeest_migration_crosses_river_filled_with_c_lazy_data.pt,7.079723717482278,7.137570931802912,7.12126654908644,7.1365147544945495
"00415_A_mosaic_artist_places_tiny_tiles_on_wall,_iridesc_lazy_data.pt",13.85891608797111,12.843184732893073,12.829542657687417,12.866345504739554
"00416_A_thriller_chase_through_crowded_subway_station,_b_lazy_data.pt",7.105373540498411,6.560914975382152,6.572219922747785,6.560348864906344
"00417_Irish_step_dancing_performance_in_pub,_rapid_footw_lazy_data.pt",4.3152363594739045,4.149152716773949,4.152692456533682,4.148869542272474
"00418_City_reflected_in_single_raindrop_on_leaf,_upside-_lazy_data.pt",7.026487400764027,7.302771514280327,7.296355840277076,7.300271214755595
"00419_A_snowplow_clears_mountain_pass_road_at_night,_sno_lazy_data.pt",5.929036414940805,5.771269022426876,5.702732908002447,5.677713368682754
"00420_A_lonely_robot_watches_humans_through_window,_rain_lazy_data.pt",5.770357394400055,5.6088028210738505,5.598783336169236,5.608590388214416
00421_A_Wild_West_saloon_brawl_erupts_with_broken_chairs_lazy_data.pt,7.460314778752723,7.159341988829758,7.083271308014644,7.094540352379355
"00422_A_violin_maker_varnishes_handcrafted_instrument,_a_lazy_data.pt",7.377999238193428,6.819042151884136,6.81552277517022,6.821259865181176
"00423_Fog_horn_sounds_as_thick_fog_envelops_harbor,_ship_lazy_data.pt",11.200647648600143,12.0130523472526,11.867038260004254,11.725665660927064
"00424_Family_watches_home_movies_projected_on_wall,_nost_lazy_data.pt",6.900556645238224,6.541042205767877,6.54971067268712,6.54450319387668
"00425_A_portal_rift_opens_in_middle_of_modern_city,_ener_lazy_data.pt",6.142208410280188,5.293402712895661,5.29961823106216,5.2975158052610505
00426_A_cheese_wheel_cracked_open_revealing_aged_interio_lazy_data.pt,6.002740970316675,6.283374488605828,6.283283035090709,6.281189975710594
00427_A_stop-motion_animator_adjusts_clay_figure_frame_b_lazy_data.pt,7.448495239843273,6.761490546645624,6.784131544196953,6.762812854772202
"00428_Sun_dogs_appear_beside_sun_in_icy_sky,_parhelion_l_lazy_data.pt",9.117671168633452,8.152720856587342,8.175785457033292,8.15548606834541
"00429_A_racing_sailboat_heels_sharply_in_strong_wind,_sp_lazy_data.pt",6.9711639436129955,6.366823709402186,6.381825335366911,6.368274719965402
"00430_A_Sikh_langar_communal_kitchen_serving_free_meals,_lazy_data.pt",5.857198517164381,5.443533111191632,5.459512858511994,5.4447890141418345
"00431_A_person_finds_letter_from_deceased_loved_one,_tre_lazy_data.pt",5.618567989564434,5.549319359727285,5.542444644787012,5.547855681138802
00432_Soft_watercolor_wash_colors_bleeding_into_each_oth_lazy_data.pt,6.619599543575153,6.207255512116014,6.220299960070149,6.209275385134045
"00433_A_1960s_space_mission_control_room_during_launch,__lazy_data.pt",7.239179387463925,7.064849350766855,7.066642513921765,7.0665751451971
"00434_A_tattoo_machine_buzzes_creating_line_work,_ink_an_lazy_data.pt",9.372480566923516,9.455835624715725,9.441594727122219,9.454071473442804
"00435_Pollen_clouds_release_from_pine_trees_in_spring,_y_lazy_data.pt",7.303703676060332,6.372294447742477,6.391548150516085,6.378418255640702
"00436_A_Mars_habitat_simulation_crew_inside_dome,_recycl_lazy_data.pt",7.752570465439897,6.2410407021713805,6.273750997874234,6.248531533530545
00437_A_comedy_scene_with_cat_knocking_over_elaborate_do_lazy_data.pt,7.608981297659427,7.607060388368411,7.617108894171876,7.605593799041227
"00438_Copper_bronze_and_verdigris_patina_color_scheme,_o_lazy_data.pt",11.90402306177661,11.947035440796881,11.936338486553302,11.942447611877885
"00439_A_gladiator_enters_Colosseum_arena,_crowd_roar_and_lazy_data.pt",7.169578670423807,6.661259876255106,6.685097703003436,6.663108254247166
00440_A_landscape_photographer_waits_for_perfect_light_a_lazy_data.pt,5.68125473009352,6.104966623275374,6.102194404177127,6.101158844898204
"00441_A_Berlin_wall_remnant_covered_in_street_art,_vivid_lazy_data.pt",11.004169700747152,10.996965646923668,11.008753660409846,10.994907961347753
00442_A_person_holds_umbrella_that_rains_upward_instead__lazy_data.pt,8.350833197308287,8.992528625049607,8.989389698750971,8.98429533439186
"00443_Candy-colored_amusement_park_at_noon,_bright_pink__lazy_data.pt",7.878674644034605,6.718137592353162,6.759322950194234,6.724919161391248
"00444_A_digital_artist_draws_on_tablet_with_stylus,_glow_lazy_data.pt",5.622757043323004,5.866499689598644,5.858533804920325,5.863539507340435
"00445_Hailstones_bounce_off_car_roof_in_storm,_white_pel_lazy_data.pt",9.546914668669809,8.352016947967886,8.368466898770187,8.359206006763745
"00446_Burning_Man_art_installation_burns_at_night,_massi_lazy_data.pt",5.6842320740071814,5.477360765914659,5.472892153164506,5.477504686120062
"00447_A_foldable_phone_opens_to_reveal_large_screen,_mec_lazy_data.pt",7.778100781654749,8.293067846456397,8.272701845415341,8.205778963481562
00448_Minimalist_white_on_white_scene_with_subtle_shadow_lazy_data.pt,15.597948201880515,15.952753974416167,15.947202930483495,15.947551207040823
"00449_A_colony_ship_approaches_ringworld_in_deep_space,__lazy_data.pt",5.750831008129419,6.167348625448696,6.159569349305299,6.163088149715128
"00450_A_nurse_takes_a_break_on_hospital_rooftop_at_dawn,_lazy_data.pt",5.144494812065458,5.270863704138449,5.2695490738960915,5.268687897112105
00451_A_yoga_instructor_leads_class_on_rooftop_at_golden_lazy_data.pt,5.922849922292843,6.1778609876040935,6.174617455472522,6.1742597609279235
"00452_A_beekeeper_inspects_hives_in_lavender_field,_bees_lazy_data.pt",6.463086552085115,7.390420973094246,7.113306611504705,7.251101073445682
00453_A_parkour_athlete_vaults_over_urban_obstacles_at_d_lazy_data.pt,7.345364306134729,7.4426468723984245,7.445816150091372,7.441719431176221
00454_A_calligrapher_writes_elegant_characters_with_ink__lazy_data.pt,13.983163194079495,12.662817815757263,12.67000407405827,12.667371784752135
00455_A_street_photographer_captures_candid_moments_in_H_lazy_data.pt,7.590204655603849,7.216638322013108,7.243142204871357,7.218003896256363
"00456_A_glass_elevator_rises_through_luxury_atrium,_marb_lazy_data.pt",10.387495938094904,10.021133954976307,10.050371656201293,10.022732585228432
"00457_A_midwife_supports_mother_in_birthing_pool,_soft_n_lazy_data.pt",9.122067789719669,9.122960136877404,9.118065439074966,9.12176479510368
00458_A_truffle_hunter_and_dog_search_oak_forest_at_dawn_lazy_data.pt,8.603890425465128,7.97371989413731,7.707180178286917,7.758783376189553
00459_A_mushroom_forager_discovers_rare_specimens_in_mos_lazy_data.pt,7.6950871685825915,6.6615522462924,6.6525802536931025,6.665355315162176
00460_A_aurora_photographer_sets_up_tripod_in_Arctic_wil_lazy_data.pt,6.729403797141849,6.91411757487005,6.9105480188377495,6.910734436679067
00461_A_volcano_researcher_collects_samples_near_lava_fl_lazy_data.pt,5.490705783028953,5.53321835103582,5.531846170432092,5.5315429385541695
00462_A_desert_botanist_documents_cactus_bloom_at_sunris_lazy_data.pt,7.238914762097319,6.068738853993364,6.073437573456167,6.073998986713528
"00463_A_coral_restorer_transplants_fragments_onto_reef,__lazy_data.pt",6.223322860933765,5.862142978494865,5.867519856505575,5.862849245614784
00464_A_wolf_tracker_follows_paw_prints_through_snowy_wi_lazy_data.pt,3.7275689632381934,3.5544033546818774,3.560071820032092,3.554587787374155
"00465_An_eagle_rehabilitator_releases_bird_back_to_wild,_lazy_data.pt",8.427697116655011,7.803103458347975,7.806954427306972,7.804018857010451
00466_A_traditional_Bharatanatyam_dancer_performs_temple_lazy_data.pt,7.509649283640117,6.598579737240073,6.632478012123921,6.602904719148089
00467_A_shadow_puppet_master_performs_behind_illuminated_lazy_data.pt,8.253916149326804,6.970133603102063,6.996218928943149,6.975603371893095
"00468_A_fire_performer_spins_poi_in_abandoned_warehouse,_lazy_data.pt",6.521761251328649,6.526787097268312,6.519725668117718,6.523349704283139
00469_A_contortionist_folds_into_impossible_pose_on_stag_lazy_data.pt,11.129821873143635,10.716377501821066,10.7081921895103,10.716942885967025
00470_A_tightrope_walker_crosses_between_two_skyscrapers_lazy_data.pt,5.692029841572199,5.362290234938048,5.372928373804563,5.3632344912404815
00471_A_human_statue_performer_holds_perfect_stillness_i_lazy_data.pt,12.46244695491201,11.12609544500305,11.153629846305604,11.133507419025266
00472_A_bubble_performer_creates_giant_iridescent_sphere_lazy_data.pt,7.123125156989246,7.055092272934828,7.050611001231555,7.055292334948514
00473_A_sake_brewer_stirs_steaming_rice_in_traditional_b_lazy_data.pt,5.49918445985553,5.652827093239286,5.644851144850913,5.651744683837552
00474_A_watchmaker_assembles_tiny_gears_under_magnifying_lazy_data.pt,6.966401779825257,7.304487564606162,7.30606401930388,7.301592077579783
00475_A_book_restorer_carefully_repairs_ancient_manuscri_lazy_data.pt,8.07104308870517,8.735389652483695,8.631560011073445,8.65255821909397
00476_A_cartographer_draws_coastlines_on_large_parchment_lazy_data.pt,7.347715444088526,5.670702311494775,6.038155739149179,5.725927396119338
00477_A_star_navigator_reads_sextant_on_ship_deck_at_nig_lazy_data.pt,6.7479040083592166,6.832326287865944,6.827091996140741,6.831517213387535
"00478_A_submarine_pilot_descends_into_deep_ocean_trench,_lazy_data.pt",7.471516634221899,7.922995540853485,7.906716903044203,7.916388446235874
00479_A_meteorite_hunter_scans_desert_floor_with_metal_d_lazy_data.pt,10.151159637850196,9.6563286641145,9.674710338150703,9.656991762514561
00480_A_fossil_excavator_brushes_sediment_from_dinosaur__lazy_data.pt,5.69416764461852,5.8916132513872705,5.883547402980064,5.888236920342901
"00481_A_Hayao_Miyazaki_flying_sequence_above_clouds,_win_lazy_data.pt",7.890622688294766,8.25399592383114,8.263759095823733,8.132657067876135
"00482_A_Terrence_Malick_nature_contemplation_sequence,_w_lazy_data.pt",6.923856645783379,7.151977335057214,7.215456050606902,7.078789365104651
"00483_A_French_New_Wave_jump-cut_street_scene_in_Paris,__lazy_data.pt",3.4819202800810474,3.6134646407394744,3.6087630890676263,3.6117326870657247
00484_A_music_video_slow-motion_color-saturated_party_sc_lazy_data.pt,6.435451249137667,5.649986137404028,5.660026203943594,5.653088415806589
00485_A_stop-motion_Tim_Burton-esque_dark_fairy_tale_sce_lazy_data.pt,9.53349761937201,7.457600736025865,7.706057848531524,7.550166429025607
00486_A_Tarantino-style_trunk_shot_looking_up_at_charact_lazy_data.pt,8.425161250397409,7.666154403661612,7.6614431656283415,7.669353032359756
"00487_A_David_Fincher_dark_thriller_interior_scene,_desa_lazy_data.pt",12.636872045559599,13.62468958566615,13.285764743559048,13.37958559417479
00488_A_documentary_Ken_Burns_pan_over_historical_photog_lazy_data.pt,7.1483964763832715,6.624874542885312,6.61767741747739,6.626533091079367
"00489_High_contrast_black_and_red_only_color_scheme,_dra_lazy_data.pt",7.699015043588754,7.823009512050695,7.828682783468643,7.819941562108984
00490_A_world_rendered_in_warm_sepia_vintage_photograph__lazy_data.pt,15.439490712804599,15.416688437576425,15.417773744912425,15.413825082945223
"00491_Fractal_patterns_zoom_infinitely_inward,_mathemati_lazy_data.pt",11.4955012344085,9.982673049824891,10.01865296423605,9.987866895585352
"00492_Liquid_mercury_rolls_on_glass_surface,_reflective__lazy_data.pt",10.843800262713643,10.656421031765346,10.647279743112666,10.655842167554578
"00493_A_geyser_erupts_in_Yellowstone_at_sunrise,_steam_a_lazy_data.pt",6.85523141057199,6.036774676384615,6.039325524942177,6.039628807543286
"00494_A_sinkhole_waterfall_drops_into_cenote,_turquoise__lazy_data.pt",8.226413438910091,8.13100740684121,8.11816555036995,8.128742405189577
00495_Wildflowers_bloom_explosively_across_mountain_mead_lazy_data.pt,7.176166481136614,7.485818122437879,7.473441692788676,7.482066543555342
00496_A_frozen_waterfall_gleams_with_blue_ice_formations_lazy_data.pt,5.086089022726892,4.952164929949595,4.952739817883483,4.951314543923677
00497_Moss-covered_stones_in_Japanese_zen_garden_after_r_lazy_data.pt,6.80965647329908,6.449397340219883,6.440543603852192,6.448814883155209
"00498_A_meteor_shower_streaks_over_desert_observatory,_t_lazy_data.pt",6.876065206682696,6.62516533738163,6.7851179607277405,6.608310391058891
"00499_A_tram_glides_through_Lisbon_yellow_streets,_paste_lazy_data.pt",7.3470851413972635,6.965345682842253,6.948524832546919,6.966739334076687
